{
  "model_name": "als_mf",
  "d": 131,
  "lam": 9.71633075356387,
  "mu": 3.528937578201294,
  "extra": {
    "best_iter": 5
  }
}