{
  "model_name": "sgd_mf",
  "d": 81,
  "lam": 0.11381526595226511,
  "mu": 3.528937578201294,
  "lam_factors": 0.11381526595226511,
  "lam_biases": 0.0005274432500432459,
  "extra": {
    "best_epoch": 56
  }
}